-- phpMyAdmin SQL Dump
-- version 4.5.1
-- http://www.phpmyadmin.net
--
-- Host: 127.0.0.1
-- Generation Time: Nov 12, 2017 at 11:52 AM
-- Server version: 10.1.19-MariaDB
-- PHP Version: 5.6.28

SET SQL_MODE = "NO_AUTO_VALUE_ON_ZERO";
SET time_zone = "+00:00";


/*!40101 SET @OLD_CHARACTER_SET_CLIENT=@@CHARACTER_SET_CLIENT */;
/*!40101 SET @OLD_CHARACTER_SET_RESULTS=@@CHARACTER_SET_RESULTS */;
/*!40101 SET @OLD_COLLATION_CONNECTION=@@COLLATION_CONNECTION */;
/*!40101 SET NAMES utf8mb4 */;

--
-- Database: `kojast`
--

-- --------------------------------------------------------

--
-- Table structure for table `cities`
--

CREATE TABLE `cities` (
  `id` int(11) NOT NULL COMMENT 'ردیف',
  `state_id` int(11) NOT NULL COMMENT 'استان',
  `center` tinyint(1) NOT NULL,
  `name` varchar(255) COLLATE utf8_persian_ci NOT NULL COMMENT 'نام'
) ENGINE=InnoDB DEFAULT CHARSET=utf8 COLLATE=utf8_persian_ci COMMENT='شهرها';

--
-- Dumping data for table `cities`
--

INSERT INTO `cities` (`id`, `state_id`, `center`, `name`) VALUES
(1, 1, 0, 'آبش احمد'),
(2, 1, 0, 'آذر شهر'),
(3, 1, 0, 'آقکند'),
(4, 1, 0, 'اسکو'),
(5, 1, 0, 'اهر'),
(6, 1, 0, 'ایلخچی'),
(7, 1, 0, 'باسمنج'),
(8, 1, 0, 'بخشایش'),
(9, 1, 0, 'بستان آباد'),
(10, 1, 0, 'بناب'),
(11, 1, 0, 'بناب جدید'),
(12, 1, 0, 'بندر شرفخانه'),
(13, 1, 1, 'تبریز'),
(14, 1, 0, 'ترک'),
(15, 1, 0, 'تسوج'),
(16, 1, 0, 'تیکمه داش'),
(17, 1, 0, 'جلفا'),
(18, 1, 0, 'خاروانا'),
(19, 1, 0, 'خامنه'),
(20, 1, 0, 'خراجو'),
(21, 1, 0, 'خسروشهر'),
(22, 1, 0, 'خضرلو'),
(23, 1, 0, 'خمارلو'),
(24, 1, 0, 'خواجه'),
(25, 1, 0, 'دوزدوزان'),
(26, 1, 0, 'زرنق'),
(27, 1, 0, 'زنور'),
(28, 1, 0, 'سراب'),
(29, 1, 0, 'سردرود'),
(30, 1, 0, 'سهند'),
(31, 1, 0, 'سیس'),
(32, 1, 0, 'سیه رود'),
(33, 1, 0, 'شبستر'),
(34, 1, 0, 'شربیان'),
(35, 1, 0, 'شرفخانه'),
(36, 1, 0, 'شندآباد'),
(37, 1, 0, 'صوفیان'),
(38, 1, 0, 'عجبشیر'),
(39, 1, 0, 'قره آغاج'),
(40, 1, 0, 'کشکسرای'),
(41, 1, 0, 'کلوانق'),
(42, 1, 0, 'کلیبر'),
(43, 1, 0, 'کندوان'),
(44, 1, 0, 'کوزه کنان'),
(45, 1, 0, 'گوگان'),
(46, 1, 0, 'لیلان'),
(47, 1, 0, 'مراغه'),
(48, 1, 0, 'مرند'),
(49, 1, 0, 'ملک کیان'),
(50, 1, 0, 'ملکان'),
(51, 1, 0, 'ممقان'),
(52, 1, 0, 'مهربان'),
(53, 1, 0, 'میانه'),
(54, 1, 0, 'نظرکهریزی'),
(55, 1, 0, 'وایقان'),
(56, 1, 0, 'ورزقان'),
(57, 1, 0, 'هادیشهر'),
(58, 1, 0, 'هرگلان'),
(59, 1, 0, 'هریس'),
(60, 1, 0, 'هشترود'),
(61, 1, 0, 'هوراند'),
(62, 1, 0, 'یامچی'),
(63, 2, 0, 'آواجیق'),
(64, 2, 1, 'ارومیه'),
(65, 2, 0, 'اشنویه'),
(66, 2, 0, 'ایواوغلی'),
(67, 2, 0, 'باروق'),
(68, 2, 0, 'بازرگان'),
(69, 2, 0, 'بوکان'),
(70, 2, 0, 'پلدشت'),
(71, 2, 0, 'پیرانشهر'),
(72, 2, 0, 'تازه شهر'),
(73, 2, 0, 'تکاب'),
(74, 2, 0, 'چهاربرج'),
(75, 2, 0, 'خوی'),
(76, 2, 0, 'ربط'),
(77, 2, 0, 'سردشت'),
(78, 2, 0, 'سرو'),
(79, 2, 0, 'سلماس'),
(80, 2, 0, 'سیلوانه'),
(81, 2, 0, 'سیمینه'),
(82, 2, 0, 'سیه چشمه - چالدران'),
(83, 2, 0, 'شاهین دژ'),
(84, 2, 0, 'شوط'),
(85, 2, 0, 'فیرورق'),
(86, 2, 0, 'قره ضیاء الدین'),
(87, 2, 0, 'قوشچی'),
(88, 2, 0, 'کشاورز'),
(89, 2, 0, 'گردکشانه'),
(90, 2, 0, 'ماکو'),
(91, 2, 0, 'محمدیار'),
(92, 2, 0, 'محمودآباد'),
(93, 2, 0, 'مهاباد'),
(94, 2, 0, 'میاندوآب'),
(95, 2, 0, 'میرآباد'),
(96, 2, 0, 'نالوس'),
(97, 2, 0, 'نقده'),
(98, 2, 0, 'نوشین شهر'),
(99, 3, 0, 'آبی بیگلو'),
(100, 3, 1, 'اردبیل'),
(101, 3, 0, 'اصلاندوز'),
(102, 3, 0, 'بیله سوار'),
(103, 3, 0, 'پارس آباد'),
(104, 3, 0, 'تازه کند'),
(105, 3, 0, 'تازه کند انگوت'),
(106, 3, 0, 'جعفرآباد'),
(107, 3, 0, 'خلخال'),
(108, 3, 0, 'رضی'),
(109, 3, 0, 'سرعین'),
(110, 3, 0, 'عنبران'),
(111, 3, 0, 'فخرآباد'),
(112, 3, 0, 'کلور'),
(113, 3, 0, 'کوراییم'),
(114, 3, 0, 'گرمی (مغان)'),
(115, 3, 0, 'گیوی (کوثر)'),
(116, 3, 0, 'لاهرود'),
(117, 3, 0, 'مشگین شهر'),
(118, 3, 0, 'مغان (سمنان)'),
(119, 3, 0, 'نمین'),
(120, 3, 0, 'نیر'),
(121, 3, 0, 'هشتجین'),
(122, 3, 0, 'هیر'),
(123, 4, 0, 'آران و بیدگل'),
(124, 4, 0, 'ابریشم'),
(125, 4, 0, 'اردستان'),
(126, 4, 0, 'اژیه'),
(127, 4, 1, 'اصفهان'),
(128, 4, 0, 'افوس'),
(129, 4, 0, 'انارک'),
(130, 4, 0, 'ایمان شهر'),
(131, 4, 0, 'بادرود'),
(132, 4, 0, 'باغ بهادران'),
(133, 4, 0, 'برف انبار'),
(134, 4, 0, 'بویین و میاندشت'),
(135, 4, 0, 'بهاران شهر'),
(136, 4, 0, 'بهارستان'),
(137, 4, 0, 'پیربکران'),
(138, 4, 0, 'تودشک'),
(139, 4, 0, 'تیران'),
(140, 4, 0, 'جندق'),
(141, 4, 0, 'جوزدان'),
(142, 4, 0, 'چادگان'),
(143, 4, 0, 'چرمهین'),
(144, 4, 0, 'چم گردان'),
(145, 4, 0, 'حبیب آباد'),
(146, 4, 0, 'حسن آباد'),
(147, 4, 0, 'حنا'),
(148, 4, 0, 'خالدآباد'),
(149, 4, 0, 'خمینی شهر'),
(150, 4, 0, 'خوانسار'),
(151, 4, 0, 'خور'),
(152, 4, 0, 'خوراسگان'),
(153, 4, 0, 'خورزوق'),
(154, 4, 0, 'داران'),
(155, 4, 0, 'دامنه'),
(156, 4, 0, 'درچه پیاز'),
(157, 4, 0, 'دستگرد'),
(158, 4, 0, 'دولت آباد'),
(159, 4, 0, 'دهاقان'),
(160, 4, 0, 'دهق'),
(161, 4, 0, 'دیزیچه'),
(162, 4, 0, 'رزوه'),
(163, 4, 0, 'رضوان شهر'),
(164, 4, 0, 'زاینده رود'),
(165, 4, 0, 'زرین شهر'),
(166, 4, 0, 'زواره'),
(167, 4, 0, 'زیباشهر (محمدیه)'),
(168, 4, 0, 'سده لنجان'),
(169, 4, 0, 'سگزی'),
(170, 4, 0, 'سمیرم'),
(171, 4, 0, 'شاهین شهر'),
(172, 4, 0, 'شهرضا'),
(173, 4, 0, 'طالخونچه'),
(174, 4, 0, 'عسگران'),
(175, 4, 0, 'علویجه'),
(176, 4, 0, 'فریدن'),
(177, 4, 0, 'فریدون شهر'),
(178, 4, 0, 'فلاورجان'),
(179, 4, 0, 'فولاد شهر'),
(180, 4, 0, 'قهدریجان'),
(181, 4, 0, 'کاشان'),
(182, 4, 0, 'کرکوند'),
(183, 4, 0, 'کلیشاد و سودرجان'),
(184, 4, 0, 'کمشجه'),
(185, 4, 0, 'کمه'),
(186, 4, 0, 'کوشک'),
(187, 4, 0, 'کوهپایه'),
(188, 4, 0, 'کهریزسنگ'),
(189, 4, 0, 'گز'),
(190, 4, 0, 'گلپایگان'),
(191, 4, 0, 'گلدشت اصفهان'),
(192, 4, 0, 'گلدشت مرکزی'),
(193, 4, 0, 'گلشهر'),
(194, 4, 0, 'گوگد'),
(195, 4, 0, 'مبارکه'),
(196, 4, 0, 'محمدآباد'),
(197, 4, 0, 'مشکات'),
(198, 4, 0, 'منظریه'),
(199, 4, 0, 'مهاباد'),
(200, 4, 0, 'میمه'),
(201, 4, 0, 'نایین'),
(202, 4, 0, 'نجف آباد'),
(203, 4, 0, 'نصرآباد'),
(204, 4, 0, 'نطنز'),
(205, 4, 0, 'نیک آباد'),
(206, 4, 0, 'ورزنه'),
(207, 4, 0, 'ورنامخواست'),
(208, 4, 0, 'وزوان'),
(209, 4, 0, 'ونک'),
(210, 4, 0, 'هرند'),
(211, 5, 0, 'آسارا'),
(212, 5, 0, 'اشتهارد'),
(213, 5, 0, 'چهارباغ'),
(214, 5, 0, 'شهر جدید هشتگرد'),
(215, 5, 0, 'طالقان'),
(216, 5, 1, 'کرج'),
(217, 5, 0, 'کمال شهر'),
(218, 5, 0, 'کوهسار'),
(219, 5, 0, 'گرمدره'),
(220, 5, 0, 'گلستان تهران'),
(221, 5, 0, 'ماهدشت'),
(222, 5, 0, 'محمدشهر'),
(223, 5, 0, 'مشکین دشت'),
(224, 5, 0, 'نظرآباد'),
(225, 5, 0, 'هشتگرد'),
(226, 6, 0, 'آبدانان'),
(227, 6, 0, 'آسمان آباد'),
(228, 6, 0, 'ارکواز'),
(229, 6, 1, 'ایلام'),
(230, 6, 0, 'ایوان'),
(231, 6, 0, 'بدره'),
(232, 6, 0, 'پهله'),
(233, 6, 0, 'توحید'),
(234, 6, 0, 'چوار'),
(235, 6, 0, 'دره شهر'),
(236, 6, 0, 'دلگشا'),
(237, 6, 0, 'دهلران'),
(238, 6, 0, 'زرنه'),
(239, 6, 0, 'سراب باغ'),
(240, 6, 0, 'سرابله'),
(241, 6, 0, 'شیروان چرداول'),
(242, 6, 0, 'صالح آباد'),
(243, 6, 0, 'لومار'),
(244, 6, 0, 'مورموری'),
(245, 6, 0, 'موسیان'),
(246, 6, 0, 'مهران'),
(247, 7, 0, 'آب پخش'),
(248, 7, 0, 'آبدان'),
(249, 7, 0, 'امام حسن'),
(250, 7, 0, 'اهرم'),
(251, 7, 0, 'برازجان'),
(252, 7, 0, 'بردخون'),
(253, 7, 0, 'بردستان'),
(254, 7, 0, 'بندر دیر'),
(255, 7, 0, 'بندر دیلم'),
(256, 7, 0, 'بندر ریگ'),
(257, 7, 0, 'بندر کنگان'),
(258, 7, 0, 'بندر گناوه'),
(259, 7, 1, 'بوشهر'),
(260, 7, 0, 'تنگ ارم'),
(261, 7, 0, 'تنگستان'),
(262, 7, 0, 'جم (ولایت)'),
(263, 7, 0, 'چغادک'),
(264, 7, 0, 'خارک'),
(265, 7, 0, 'خورموج'),
(266, 7, 0, 'دالکی'),
(267, 7, 0, 'دشتستان - شبانکاره'),
(268, 7, 0, 'دلوار'),
(269, 7, 0, 'ریز'),
(270, 7, 0, 'سعدآباد'),
(271, 7, 0, 'شنبه'),
(272, 7, 0, 'طاهری'),
(273, 7, 0, 'عسلویه'),
(274, 7, 0, 'کاکی'),
(275, 7, 0, 'کلمه'),
(276, 7, 0, 'نخل تقی'),
(277, 7, 0, 'وحدتیه'),
(278, 8, 0, 'آبسرد'),
(279, 8, 0, 'آبعلی'),
(280, 8, 0, 'ارجمند'),
(281, 8, 0, 'اسلامشهر'),
(282, 8, 0, 'اندیشه'),
(283, 8, 0, 'باغستان'),
(284, 8, 0, 'باقرشهر'),
(285, 8, 0, 'بومهن'),
(286, 8, 0, 'پاکدشت'),
(287, 8, 0, 'پردیس'),
(288, 8, 0, 'پیشوا'),
(289, 8, 0, 'تجریش'),
(290, 8, 1, 'تهران'),
(291, 8, 0, 'جوادآباد'),
(292, 8, 0, 'چهاردانگه'),
(293, 8, 0, 'حسن آباد'),
(294, 8, 0, 'دماوند'),
(295, 8, 0, 'رباط کریم'),
(296, 8, 0, 'رودهن'),
(297, 8, 0, 'ری'),
(298, 8, 0, 'شاهدشهر'),
(299, 8, 0, 'شریف آباد'),
(300, 8, 0, 'شهریار'),
(301, 8, 0, 'صالح آباد'),
(302, 8, 0, 'صباشهر'),
(303, 8, 0, 'صفادشت'),
(304, 8, 0, 'فردوسیه'),
(305, 8, 0, 'فشم'),
(306, 8, 0, 'فیروزکوه'),
(307, 8, 0, 'قدس'),
(308, 8, 0, 'قرچک'),
(309, 8, 0, 'کهریزک'),
(310, 8, 0, 'کیلان'),
(311, 8, 0, 'گلستان'),
(312, 8, 0, 'لواسان'),
(313, 8, 0, 'ملارد'),
(314, 8, 0, 'نسیم شهر'),
(315, 8, 0, 'نصیرآباد'),
(316, 8, 0, 'وحیدیه'),
(317, 8, 0, 'ورامین'),
(318, 9, 0, 'آلونی'),
(319, 9, 0, 'اردل'),
(320, 9, 0, 'باباحیدر'),
(321, 9, 0, 'بروجن'),
(322, 9, 0, 'بلداجی'),
(323, 9, 0, 'بن'),
(324, 9, 0, 'جونقان'),
(325, 9, 0, 'چلگرد (کوهرنگ)'),
(326, 9, 0, 'سامان'),
(327, 9, 0, 'سفیددشت'),
(328, 9, 0, 'سودجان'),
(329, 9, 0, 'سورشجان'),
(330, 9, 0, 'شلمزار'),
(331, 9, 1, 'شهرکرد'),
(332, 9, 0, 'طالقانک'),
(333, 9, 0, 'فارسان'),
(334, 9, 0, 'فرادنبه'),
(335, 9, 0, 'فرخ شهر'),
(336, 9, 0, 'کیان'),
(337, 9, 0, 'گندمان'),
(338, 9, 0, 'گهرو'),
(339, 9, 0, 'لردگان'),
(340, 9, 0, 'مال خلیفه'),
(341, 9, 0, 'ناغان'),
(342, 9, 0, 'نافچ'),
(343, 9, 0, 'نقنه'),
(344, 9, 0, 'هفشجان'),
(345, 10, 0, 'آرین شهر'),
(346, 10, 0, 'آیسک'),
(347, 10, 0, 'ارسک'),
(348, 10, 0, 'اسدیه'),
(349, 10, 0, 'اسفدن'),
(350, 10, 0, 'اسلامیه'),
(351, 10, 0, 'بشرویه'),
(352, 10, 1, 'بیرجند'),
(353, 10, 0, 'حاجی آباد'),
(354, 10, 0, 'خضری'),
(355, 10, 0, 'خوسف'),
(356, 10, 0, 'زهان'),
(357, 10, 0, 'سرایان'),
(358, 10, 0, 'سربیشه'),
(359, 10, 0, 'سه قلعه'),
(360, 10, 0, 'شوسف'),
(361, 10, 0, 'طبس مسینا'),
(362, 10, 0, 'فردوس'),
(363, 10, 0, 'قائن'),
(364, 10, 0, 'قهستان'),
(365, 10, 0, 'مود'),
(366, 10, 0, 'نهبندان'),
(367, 10, 0, 'نیمبلوک'),
(368, 11, 0, 'انابد'),
(369, 11, 0, 'باجگیران'),
(370, 11, 0, 'باخرز'),
(371, 11, 0, 'بار'),
(372, 11, 0, 'بایگ'),
(373, 11, 0, 'بجستان'),
(374, 11, 0, 'بردسکن'),
(375, 11, 0, 'بیدخت'),
(376, 11, 0, 'تایباد'),
(377, 11, 0, 'تربت جام'),
(378, 11, 0, 'تربت حیدریه'),
(379, 11, 0, 'جغتای'),
(380, 11, 0, 'جنگل'),
(381, 11, 0, 'جوین'),
(382, 11, 0, 'چاپشلو'),
(383, 11, 0, 'چکنه'),
(384, 11, 0, 'چناران'),
(385, 11, 0, 'خرو'),
(386, 11, 0, 'خلیل آباد'),
(387, 11, 0, 'خواف'),
(388, 11, 0, 'داورزن'),
(389, 11, 0, 'دررود'),
(390, 11, 0, 'درگز'),
(391, 11, 0, 'دولت آباد'),
(392, 11, 0, 'رباط سنگ'),
(393, 11, 0, 'رشتخوار'),
(394, 11, 0, 'رضویه'),
(395, 11, 0, 'رودآب'),
(396, 11, 0, 'ریوش'),
(397, 11, 0, 'سبزوار'),
(398, 11, 0, 'سرخس'),
(399, 11, 0, 'سلامی'),
(400, 11, 0, 'سلطان آباد'),
(401, 11, 0, 'سنگان'),
(402, 11, 0, 'شادمهر'),
(403, 11, 0, 'شاندیز'),
(404, 11, 0, 'ششتمد'),
(405, 11, 0, 'شهرآباد'),
(406, 11, 0, 'صالح آباد'),
(407, 11, 0, 'طبس'),
(408, 11, 0, 'طرقبه'),
(409, 11, 0, 'عشق آباد'),
(410, 11, 0, 'فرهادگرد'),
(411, 11, 0, 'فریمان'),
(412, 11, 0, 'فیروزه'),
(413, 11, 0, 'فیض آباد'),
(414, 11, 0, 'قاسم آباد'),
(415, 11, 0, 'قدمگاه'),
(416, 11, 0, 'قلندرآباد'),
(417, 11, 0, 'قوچان'),
(418, 11, 0, 'کاخک'),
(419, 11, 0, 'کاریز'),
(420, 11, 0, 'کاشمر'),
(421, 11, 0, 'کدکن'),
(422, 11, 0, 'کلات'),
(423, 11, 0, 'کندر'),
(424, 11, 0, 'گناباد'),
(425, 11, 0, 'لطف آباد'),
(426, 11, 1, 'مشهد'),
(427, 11, 0, 'مشهد ریزه'),
(428, 11, 0, 'ملک آباد'),
(429, 11, 0, 'نشتیفان'),
(430, 11, 0, 'نصرآباد'),
(431, 11, 0, 'نقاب'),
(432, 11, 0, 'نوخندان'),
(433, 11, 0, 'نیشابور'),
(434, 11, 0, 'نیل شهر'),
(435, 11, 0, 'همت آباد'),
(436, 12, 0, 'آشخانه، مانه و سمرقان'),
(437, 12, 0, 'اسفراین'),
(438, 12, 1, 'بجنورد'),
(439, 12, 0, 'پیش قلعه'),
(440, 12, 0, 'جاجرم'),
(441, 12, 0, 'حصار گرم خان'),
(442, 12, 0, 'درق'),
(443, 12, 0, 'راز'),
(444, 12, 0, 'سنخواست'),
(445, 12, 0, 'شیروان'),
(446, 12, 0, 'صفی آباد'),
(447, 12, 0, 'فاروج'),
(448, 12, 0, 'قاضی'),
(449, 12, 0, 'گرمه'),
(450, 12, 0, 'لوجلی'),
(451, 13, 0, 'آبادان'),
(452, 13, 0, 'آغاجاری'),
(453, 13, 0, 'اروندکنار'),
(454, 13, 0, 'الوان'),
(455, 13, 0, 'امیدیه'),
(456, 13, 0, 'اندیمشک'),
(457, 13, 1, 'اهواز'),
(458, 13, 0, 'ایذه'),
(459, 13, 0, 'باغ ملک'),
(460, 13, 0, 'بستان'),
(461, 13, 0, 'بندر امام خمینی'),
(462, 13, 0, 'بندر ماهشهر'),
(463, 13, 0, 'بهبهان'),
(464, 13, 0, 'جایزان'),
(465, 13, 0, 'جنت مکان'),
(466, 13, 0, 'چمران'),
(467, 13, 0, 'حر ریاحی'),
(468, 13, 0, 'حسینیه'),
(469, 13, 0, 'حمیدیه'),
(470, 13, 0, 'خرمشهر'),
(471, 13, 0, 'دزآب'),
(472, 13, 0, 'دزفول'),
(473, 13, 0, 'دهدز'),
(474, 13, 0, 'رامشیر'),
(475, 13, 0, 'رامهرمز'),
(476, 13, 0, 'رفیع'),
(477, 13, 0, 'زهره'),
(478, 13, 0, 'سالند'),
(479, 13, 0, 'سردشت'),
(480, 13, 0, 'سوسنگرد'),
(481, 13, 0, 'شادگان'),
(482, 13, 0, 'شوش'),
(483, 13, 0, 'شوشتر'),
(484, 13, 0, 'شوقان'),
(485, 13, 0, 'شیبان'),
(486, 13, 0, 'صفی آباد'),
(487, 13, 0, 'صیدون'),
(488, 13, 0, 'قلعه تل'),
(489, 13, 0, 'قلعه خواجه'),
(490, 13, 0, 'گتوند'),
(491, 13, 0, 'لالی'),
(492, 13, 0, 'مسجد سلیمان'),
(493, 13, 0, 'مقاومت'),
(494, 13, 0, 'ملاثانی'),
(495, 13, 0, 'میانرود'),
(496, 13, 0, 'مینوشهر'),
(497, 13, 0, 'ویس'),
(498, 13, 0, 'هفتگل'),
(499, 13, 0, 'هندیجان'),
(500, 13, 0, 'هویزه'),
(501, 14, 0, 'آب بر (طارم)'),
(502, 14, 0, 'ابهر'),
(503, 14, 0, 'ارمغان خانه'),
(504, 14, 0, 'چورزق'),
(505, 14, 0, 'حلب'),
(506, 14, 0, 'خرمدره'),
(507, 14, 0, 'دندی'),
(508, 14, 0, 'زرین آباد (ایجرود)'),
(509, 14, 0, 'زرین رود'),
(510, 14, 1, 'زنجان'),
(511, 14, 0, 'سجاس'),
(512, 14, 0, 'سلطانیه'),
(513, 14, 0, 'سهرورد'),
(514, 14, 0, 'صائین قلعه'),
(515, 14, 0, 'قیدار (خدابنده)'),
(516, 14, 0, 'گرماب'),
(517, 14, 0, 'ماه نشان'),
(518, 14, 0, 'هیدج'),
(519, 15, 0, 'آرادان'),
(520, 15, 0, 'امیریه'),
(521, 15, 0, 'ایوانکی'),
(522, 15, 0, 'بسطام'),
(523, 15, 0, 'بیارجمند'),
(524, 15, 0, 'دامغان'),
(525, 15, 0, 'درجزین'),
(526, 15, 0, 'دیباج'),
(527, 15, 0, 'سرخه'),
(528, 15, 1, 'سمنان'),
(529, 15, 0, 'شاهرود'),
(530, 15, 0, 'شهمیرزاد'),
(531, 15, 0, 'کلاته خیج'),
(532, 15, 0, 'گرمسار'),
(533, 15, 0, 'مجن'),
(534, 15, 0, 'مهدی شهر'),
(535, 15, 0, 'میامی'),
(536, 16, 0, 'ادیمی'),
(537, 16, 0, 'اسپکه'),
(538, 16, 0, 'ایرانشهر'),
(539, 16, 0, 'بزمان'),
(540, 16, 0, 'بمپور'),
(541, 16, 0, 'بنت'),
(542, 16, 0, 'بنجار'),
(543, 16, 0, 'پیشین'),
(544, 16, 0, 'جالق'),
(545, 16, 0, 'چابهار'),
(546, 16, 0, 'خاش'),
(547, 16, 0, 'دوست محمد'),
(548, 16, 0, 'راسک'),
(549, 16, 0, 'زابل'),
(550, 16, 0, 'زابلی'),
(551, 16, 1, 'زاهدان'),
(552, 16, 0, 'زهک'),
(553, 16, 0, 'سراوان'),
(554, 16, 0, 'سرباز'),
(555, 16, 0, 'سوران'),
(556, 16, 0, 'سیرکان'),
(557, 16, 0, 'فنوج'),
(558, 16, 0, 'قصرقند'),
(559, 16, 0, 'کنارک'),
(560, 16, 0, 'گلمورتی'),
(561, 16, 0, 'محمدآباد'),
(562, 16, 0, 'میرجاوه'),
(563, 16, 0, 'نصرت آباد'),
(564, 16, 0, 'نگور'),
(565, 16, 0, 'نوک آباد'),
(566, 16, 0, 'نیک شهر'),
(567, 17, 0, 'آباده'),
(568, 17, 0, 'آباده طشک'),
(569, 17, 0, 'اردکان'),
(570, 17, 0, 'ارسنجان'),
(571, 17, 0, 'استهبان'),
(572, 17, 0, 'اسیر'),
(573, 17, 0, 'اشکنان'),
(574, 17, 0, 'افزر'),
(575, 17, 0, 'اقلید'),
(576, 17, 0, 'اوز'),
(577, 17, 0, 'اهل'),
(578, 17, 0, 'ایج'),
(579, 17, 0, 'ایزد خواست'),
(580, 17, 0, 'باب انار'),
(581, 17, 0, 'بالاده'),
(582, 17, 0, 'بنارویه'),
(583, 17, 0, 'بوانات'),
(584, 17, 0, 'بهمن'),
(585, 17, 0, 'بیرم'),
(586, 17, 0, 'بیضا'),
(587, 17, 0, 'جنت شهر'),
(588, 17, 0, 'جویم'),
(589, 17, 0, 'جهرم'),
(590, 17, 0, 'حاجی آباد - زرین دشت'),
(591, 17, 0, 'خاوران'),
(592, 17, 0, 'خرامه'),
(593, 17, 0, 'خشت'),
(594, 17, 0, 'خفر'),
(595, 17, 0, 'خنج'),
(596, 17, 0, 'خور'),
(597, 17, 0, 'خومه زار'),
(598, 17, 0, 'داراب'),
(599, 17, 0, 'داریان'),
(600, 17, 0, 'دوزه'),
(601, 17, 0, 'دهرم'),
(602, 17, 0, 'رامجرد'),
(603, 17, 0, 'رونیز'),
(604, 17, 0, 'زاهدشهر'),
(605, 17, 0, 'زرقان'),
(606, 17, 0, 'سده'),
(607, 17, 0, 'سروستان'),
(608, 17, 0, 'سعادت شهر'),
(609, 17, 0, 'سورمق'),
(610, 17, 0, 'سوریان'),
(611, 17, 0, 'سیدان'),
(612, 17, 0, 'ششده'),
(613, 17, 0, 'شهرپیر'),
(614, 17, 1, 'شیراز'),
(615, 17, 0, 'صغاد'),
(616, 17, 0, 'صفاشهر'),
(617, 17, 0, 'علاء مرودشت'),
(618, 17, 0, 'عنبر'),
(619, 17, 0, 'فتح آباد'),
(620, 17, 0, 'فراشبند'),
(621, 17, 0, 'فسا'),
(622, 17, 0, 'فیروزآباد'),
(623, 17, 0, 'قائمیه'),
(624, 17, 0, 'قادرآباد'),
(625, 17, 0, 'قطب آباد'),
(626, 17, 0, 'قیر'),
(627, 17, 0, 'کازرون'),
(628, 17, 0, 'کامفیروز'),
(629, 17, 0, 'کره ای'),
(630, 17, 0, 'کنار تخته'),
(631, 17, 0, 'کوار'),
(632, 17, 0, 'گراش'),
(633, 17, 0, 'گله دار (مهرفارس)'),
(634, 17, 0, 'لار'),
(635, 17, 0, 'لامرد'),
(636, 17, 0, 'لپوئی'),
(637, 17, 0, 'لطیفی'),
(638, 17, 0, 'مبارک آباد دیز'),
(639, 17, 0, 'مرودشت'),
(640, 17, 0, 'مشکان'),
(641, 17, 0, 'مصیری'),
(642, 17, 0, 'مهر'),
(643, 17, 0, 'میمند'),
(644, 17, 0, 'نوبندگان'),
(645, 17, 0, 'نوجین'),
(646, 17, 0, 'نودان'),
(647, 17, 0, 'نورآباد'),
(648, 17, 0, 'نی ریز'),
(649, 17, 0, 'وراوی'),
(650, 17, 0, 'هماشهر'),
(651, 18, 0, 'آبگرم'),
(652, 18, 0, 'آبیک'),
(653, 18, 0, 'آوج'),
(654, 18, 0, 'ارداق'),
(655, 18, 0, 'اسفرورین'),
(656, 18, 0, 'اقبالیه'),
(657, 18, 0, 'البرز'),
(658, 18, 0, 'الوند'),
(659, 18, 0, 'بوئین زهرا'),
(660, 18, 0, 'بیدستان'),
(661, 18, 0, 'تاکستان'),
(662, 18, 0, 'خاکعلی'),
(663, 18, 0, 'خرمدشت'),
(664, 18, 0, 'دانسفهان'),
(665, 18, 0, 'رازمیان'),
(666, 18, 0, 'سگزآباد'),
(667, 18, 0, 'سیردان'),
(668, 18, 0, 'شال'),
(669, 18, 0, 'ضیاء آباد'),
(670, 18, 1, 'قزوین'),
(671, 18, 0, 'کوهین'),
(672, 18, 0, 'محمدیه'),
(673, 18, 0, 'محمود آباد نمونه'),
(674, 18, 0, 'معلم کلایه'),
(675, 18, 0, 'نرجه'),
(676, 19, 0, 'جعفریه'),
(677, 19, 0, 'دستجرد'),
(678, 19, 0, 'سلفچگان'),
(679, 19, 1, 'قم'),
(680, 19, 0, 'قنوات'),
(681, 19, 0, 'کهک'),
(682, 20, 0, 'آرمرده'),
(683, 20, 0, 'بابارشانی'),
(684, 20, 0, 'بانه'),
(685, 20, 0, 'بلبان آباد'),
(686, 20, 0, 'بویین سفلی'),
(687, 20, 0, 'بیجار'),
(688, 20, 0, 'چناره'),
(689, 20, 0, 'دزج'),
(690, 20, 0, 'دلبران'),
(691, 20, 0, 'دهگلان'),
(692, 20, 0, 'دیواندره'),
(693, 20, 0, 'زرینه'),
(694, 20, 0, 'سروآباد'),
(695, 20, 0, 'سریش آباد'),
(696, 20, 0, 'سقز'),
(697, 20, 1, 'سنندج'),
(698, 20, 0, 'شویشه'),
(699, 20, 0, 'صاحب'),
(700, 20, 0, 'قروه'),
(701, 20, 0, 'کامیاران'),
(702, 20, 0, 'کانی دینار'),
(703, 20, 0, 'کانی سور'),
(704, 20, 0, 'مریوان'),
(705, 20, 0, 'موچش'),
(706, 20, 0, 'یاسوکند'),
(707, 21, 0, 'اختیارآباد'),
(708, 21, 0, 'ارزوئیه'),
(709, 21, 0, 'امین شهر'),
(710, 21, 0, 'انار'),
(711, 21, 0, 'اندوهجرد'),
(712, 21, 0, 'بابک'),
(713, 21, 0, 'باغین'),
(714, 21, 0, 'بافت'),
(715, 21, 0, 'بردسیر'),
(716, 21, 0, 'بروات'),
(717, 21, 0, 'بزنجان'),
(718, 21, 0, 'بم'),
(719, 21, 0, 'بهرمان'),
(720, 21, 0, 'پاریز'),
(721, 21, 0, 'جبالبارز'),
(722, 21, 0, 'جوپار'),
(723, 21, 0, 'جوزم'),
(724, 21, 0, 'جیرفت'),
(725, 21, 0, 'چترود'),
(726, 21, 0, 'خاتون آباد'),
(727, 21, 0, 'خانوک'),
(728, 21, 0, 'خرسند'),
(729, 21, 0, 'درب بهشت'),
(730, 21, 0, 'دهج'),
(731, 21, 0, 'رابر'),
(732, 21, 0, 'راور'),
(733, 21, 0, 'راین'),
(734, 21, 0, 'رفسنجان'),
(735, 21, 0, 'رودبار'),
(736, 21, 0, 'ریحان شهر'),
(737, 21, 0, 'زرند'),
(738, 21, 0, 'زنگی آباد'),
(739, 21, 0, 'زیدآباد'),
(740, 21, 0, 'سرچشمه'),
(741, 21, 0, 'سیرجان'),
(742, 21, 0, 'شهداد'),
(743, 21, 0, 'شهربابک'),
(744, 21, 0, 'صفائیه'),
(745, 21, 0, 'عنبرآباد'),
(746, 21, 0, 'فاریاب'),
(747, 21, 0, 'فهرج'),
(748, 21, 0, 'قلعه گنج'),
(749, 21, 0, 'کاظم آباد'),
(750, 21, 1, 'کرمان'),
(751, 21, 0, 'کشکوئیه'),
(752, 21, 0, 'کوهبنان'),
(753, 21, 0, 'کهنوج'),
(754, 21, 0, 'کیان شهر'),
(755, 21, 0, 'گلباف'),
(756, 21, 0, 'گلزار'),
(757, 21, 0, 'ماهان'),
(758, 21, 0, 'محمدآباد'),
(759, 21, 0, 'محی آباد'),
(760, 21, 0, 'مردهک'),
(761, 21, 0, 'منوجان'),
(762, 21, 0, 'نجف شهر'),
(763, 21, 0, 'نرماشیر'),
(764, 21, 0, 'نظام شهر'),
(765, 21, 0, 'نگار'),
(766, 21, 0, 'نودژ'),
(767, 21, 0, 'هجدک'),
(768, 21, 0, 'یزدان شهر'),
(769, 22, 0, 'ازگله'),
(770, 22, 0, 'اسلام آباد غرب'),
(771, 22, 0, 'باینگان'),
(772, 22, 0, 'بیستون'),
(773, 22, 0, 'پاوه'),
(774, 22, 0, 'تازه آباد (ثلاث باباجانی)'),
(775, 22, 0, 'جوانرود'),
(776, 22, 0, 'حمیل'),
(777, 22, 0, 'رباط'),
(778, 22, 0, 'روانسر'),
(779, 22, 0, 'سر پل ذهاب'),
(780, 22, 0, 'سرمست'),
(781, 22, 0, 'سطر'),
(782, 22, 0, 'سنقر'),
(783, 22, 0, 'سومار'),
(784, 22, 0, 'صحنه'),
(785, 22, 0, 'قصر شیرین'),
(786, 22, 1, 'کرمانشاه'),
(787, 22, 0, 'کرند غرب'),
(788, 22, 0, 'کنگاور'),
(789, 22, 0, 'کوزران'),
(790, 22, 0, 'گهواره'),
(791, 22, 0, 'گیلان غرب'),
(792, 22, 0, 'میان راهان'),
(793, 22, 0, 'نودشه'),
(794, 22, 0, 'نوسود'),
(795, 22, 0, 'هرسین'),
(796, 22, 0, 'هلشی'),
(797, 23, 0, 'باشت'),
(798, 23, 0, 'پاتاوه'),
(799, 23, 0, 'چرام'),
(800, 23, 0, 'چیتاب'),
(801, 23, 0, 'دوگنبدان'),
(802, 23, 0, 'دهدشت'),
(803, 23, 0, 'دیشموک'),
(804, 23, 0, 'سوق'),
(805, 23, 0, 'سی سخت (دنا)'),
(806, 23, 0, 'قلعه رئیسی'),
(807, 23, 0, 'گچساران'),
(808, 23, 0, 'گراب سفلی'),
(809, 23, 0, 'لنده'),
(810, 23, 0, 'لیکک'),
(811, 23, 0, 'مارگون'),
(812, 23, 1, 'یاسوج'),
(813, 24, 0, 'آزاد شهر'),
(814, 24, 0, 'آق قلا'),
(815, 24, 0, 'انبارآلوم'),
(816, 24, 0, 'اینچه برون'),
(817, 24, 0, 'بندر گز'),
(818, 24, 0, 'ترکمن'),
(819, 24, 0, 'جلین'),
(820, 24, 0, 'خان ببین'),
(821, 24, 0, 'رامیان'),
(822, 24, 0, 'سرخس کلاته'),
(823, 24, 0, 'سیمین شهر'),
(824, 24, 0, 'علی آباد کتول'),
(825, 24, 0, 'فاضل آباد'),
(826, 24, 0, 'کردکوی'),
(827, 24, 0, 'کلاله'),
(828, 24, 0, 'گالیکش'),
(829, 24, 1, 'گرگان'),
(830, 24, 0, 'گمیش تپه'),
(831, 24, 0, 'گنبد کاووس'),
(832, 24, 0, 'مراوه تپه'),
(833, 24, 0, 'مینو دشت'),
(834, 24, 0, 'نگین شهر'),
(835, 24, 0, 'نوده خاندوز'),
(836, 24, 0, 'نوکنده'),
(837, 25, 0, 'آستارا'),
(838, 25, 0, 'آستانه اشرفیه'),
(839, 25, 0, 'احمد سرگوراب'),
(840, 25, 0, 'اسالم'),
(841, 25, 0, 'اطاقور'),
(842, 25, 0, 'املش'),
(843, 25, 0, 'بازار جمعه'),
(844, 25, 0, 'بره سر'),
(845, 25, 0, 'بندرانزلی'),
(846, 25, 0, 'پره سر'),
(847, 25, 0, 'توتکابن'),
(848, 25, 0, 'جیرنده'),
(849, 25, 0, 'چابکسر'),
(850, 25, 0, 'چاف و چمخاله'),
(851, 25, 0, 'چوبر'),
(852, 25, 0, 'حویق'),
(853, 25, 0, 'خشکبیجار'),
(854, 25, 0, 'خمام'),
(855, 25, 0, 'دیلمان'),
(856, 25, 0, 'رانکوه'),
(857, 25, 0, 'رحیم آباد'),
(858, 25, 0, 'رستم آباد'),
(859, 25, 1, 'رشت'),
(860, 25, 0, 'رضوان شهر'),
(861, 25, 0, 'رودبار'),
(862, 25, 0, 'رودبنه'),
(863, 25, 0, 'رودسر'),
(864, 25, 0, 'سنگر'),
(865, 25, 0, 'سیاهکل'),
(866, 25, 0, 'شفت'),
(867, 25, 0, 'شلمان'),
(868, 25, 0, 'صومعه سرا'),
(869, 25, 0, 'فومن'),
(870, 25, 0, 'کلاچای'),
(871, 25, 0, 'کوچصفهان'),
(872, 25, 0, 'کومله'),
(873, 25, 0, 'کیاشهر'),
(874, 25, 0, 'گوراب زرمیخ'),
(875, 25, 0, 'لاهیجان'),
(876, 25, 0, 'لشت نشا'),
(877, 25, 0, 'لنگرود'),
(878, 25, 0, 'لوشان'),
(879, 25, 0, 'لوندویل'),
(880, 25, 0, 'لیسار'),
(881, 25, 0, 'ماسال'),
(882, 25, 0, 'ماسوله'),
(883, 25, 0, 'مرجغل'),
(884, 25, 0, 'منجیل'),
(885, 25, 0, 'واجارگاه'),
(886, 25, 0, 'هشتپر'),
(887, 26, 0, 'ازنا'),
(888, 26, 0, 'اشترینان'),
(889, 26, 0, 'الشتر'),
(890, 26, 0, 'الیگودرز'),
(891, 26, 0, 'بروجرد'),
(892, 26, 0, 'پل دختر'),
(893, 26, 0, 'چالانچولان'),
(894, 26, 0, 'چغلوندی'),
(895, 26, 0, 'چقابل'),
(896, 26, 1, 'خرم آباد'),
(897, 26, 0, 'درب گنبد'),
(898, 26, 0, 'دورود'),
(899, 26, 0, 'زاغه'),
(900, 26, 0, 'سپید دشت'),
(901, 26, 0, 'سراب دوره'),
(902, 26, 0, 'فیروزآباد'),
(903, 26, 0, 'کونانی'),
(904, 26, 0, 'کوهدشت'),
(905, 26, 0, 'گراب'),
(906, 26, 0, 'مؤمن آباد'),
(907, 26, 0, 'معمولان'),
(908, 26, 0, 'نورآباد'),
(909, 26, 0, 'ویسیان'),
(910, 27, 0, 'آلادشت'),
(911, 27, 0, 'آمل'),
(912, 27, 0, 'امیرشهر'),
(913, 27, 0, 'ایزدشهر'),
(914, 27, 0, 'بابل'),
(915, 27, 0, 'بابلسر'),
(916, 27, 0, 'بلده'),
(917, 27, 0, 'بهشهر'),
(918, 27, 0, 'بهنمیر'),
(919, 27, 0, 'پل سفید'),
(920, 27, 0, 'تنکابن'),
(921, 27, 0, 'جویبار'),
(922, 27, 0, 'چالوس'),
(923, 27, 0, 'چمستان'),
(924, 27, 0, 'خرم آباد'),
(925, 27, 0, 'خلیل شهر'),
(926, 27, 0, 'خوش رودپی'),
(927, 27, 0, 'دابودشت'),
(928, 27, 0, 'رامسر'),
(929, 27, 0, 'رستم کلا'),
(930, 27, 0, 'رویان'),
(931, 27, 0, 'رینه'),
(932, 27, 0, 'زرگر محله'),
(933, 27, 0, 'زیرآب'),
(934, 27, 1, 'ساری'),
(935, 27, 0, 'سرخ رود'),
(936, 27, 0, 'سلمان شهر'),
(937, 27, 0, 'سوادکوه'),
(938, 27, 0, 'سورک'),
(939, 27, 0, 'شیرگاه'),
(940, 27, 0, 'شیرود'),
(941, 27, 0, 'عباس آباد'),
(942, 27, 0, 'فریدون کنار'),
(943, 27, 0, 'فریم'),
(944, 27, 0, 'قائم شهر'),
(945, 27, 0, 'کتالم و سادات شهر'),
(946, 27, 0, 'کلارآباد'),
(947, 27, 0, 'کلاردشت'),
(948, 27, 0, 'کله بست'),
(949, 27, 0, 'کوهی خیل'),
(950, 27, 0, 'کیاسر'),
(951, 27, 0, 'کیاکلا'),
(952, 27, 0, 'گتاب'),
(953, 27, 0, 'گزنک'),
(954, 27, 0, 'گلوگاه'),
(955, 27, 0, 'گلوگاه بابل'),
(956, 27, 0, 'محمودآباد'),
(957, 27, 0, 'مرزن آباد'),
(958, 27, 0, 'مرزیکلا'),
(959, 27, 0, 'نشتارود'),
(960, 27, 0, 'نکا'),
(961, 27, 0, 'نور'),
(962, 27, 0, 'نوشهر'),
(963, 28, 0, 'آستانه'),
(964, 28, 0, 'آشتیان'),
(965, 28, 1, 'اراک'),
(966, 28, 0, 'پرندک'),
(967, 28, 0, 'تفرش'),
(968, 28, 0, 'توره'),
(969, 28, 0, 'خمین'),
(970, 28, 0, 'خنداب'),
(971, 28, 0, 'داودآباد'),
(972, 28, 0, 'دلیجان'),
(973, 28, 0, 'رازقان'),
(974, 28, 0, 'زاویه'),
(975, 28, 0, 'ساوه'),
(976, 28, 0, 'سنجان شازند'),
(977, 28, 0, 'غرق آباد'),
(978, 28, 0, 'فرمهین'),
(979, 28, 0, 'قورچی باشی'),
(980, 28, 0, 'کرهرود'),
(981, 28, 0, 'کمیجان'),
(982, 28, 0, 'مأمونیه'),
(983, 28, 0, 'محلات'),
(984, 28, 0, 'میلاجرد'),
(985, 28, 0, 'نراق'),
(986, 28, 0, 'نوبران'),
(987, 28, 0, 'نیم ور'),
(988, 28, 0, 'هندودر'),
(989, 29, 0, 'ابوموسی'),
(990, 29, 0, 'انگهران'),
(991, 29, 0, 'بستک'),
(992, 29, 0, 'بندر جاسک'),
(993, 29, 0, 'بندر چارک'),
(994, 29, 0, 'بندر خمیر'),
(995, 29, 0, 'بندر لنگه'),
(996, 29, 1, 'بندرعباس'),
(997, 29, 0, 'پارسیان'),
(998, 29, 0, 'جناح'),
(999, 29, 0, 'حاجی آباد'),
(1000, 29, 0, 'درگهان'),
(1001, 29, 0, 'دشتی'),
(1002, 29, 0, 'دهبارز (رودان)'),
(1003, 29, 0, 'رویدر'),
(1004, 29, 0, 'زیارت علی'),
(1005, 29, 0, 'سندرک'),
(1006, 29, 0, 'سوزا'),
(1007, 29, 0, 'سیریک'),
(1008, 29, 0, 'فارغان'),
(1009, 29, 0, 'فین'),
(1010, 29, 0, 'قشم'),
(1011, 29, 0, 'کنگ'),
(1012, 29, 0, 'کیش'),
(1013, 29, 0, 'میناب'),
(1014, 29, 0, 'هرمز'),
(1015, 29, 0, 'هشت بندی'),
(1016, 30, 0, 'ازندریان'),
(1017, 30, 0, 'اسدآباد'),
(1018, 30, 0, 'برزول'),
(1019, 30, 0, 'بهار'),
(1020, 30, 0, 'تویسرکان'),
(1021, 30, 0, 'جورقان'),
(1022, 30, 0, 'جوکار'),
(1023, 30, 0, 'دمق'),
(1024, 30, 0, 'رزن'),
(1025, 30, 0, 'زنگنه'),
(1026, 30, 0, 'سامن'),
(1027, 30, 0, 'سرکان'),
(1028, 30, 0, 'شیرین سو'),
(1029, 30, 0, 'صالح آباد'),
(1030, 30, 0, 'فامنین'),
(1031, 30, 0, 'فرسفج'),
(1032, 30, 0, 'فیروزان'),
(1033, 30, 0, 'قروه درجزین'),
(1034, 30, 0, 'قهاوند'),
(1035, 30, 0, 'کبودر آهنگ'),
(1036, 30, 0, 'گل تپه'),
(1037, 30, 0, 'گیان'),
(1038, 30, 0, 'لالجین'),
(1039, 30, 0, 'مریانج'),
(1040, 30, 0, 'ملایر'),
(1041, 30, 0, 'مهاجران'),
(1042, 30, 0, 'نهاوند'),
(1043, 30, 1, 'همدان'),
(1044, 31, 0, 'ابرکوه'),
(1045, 31, 0, 'احمدآباد'),
(1046, 31, 0, 'اردکان'),
(1047, 31, 0, 'اشکذر'),
(1048, 31, 0, 'بافق'),
(1049, 31, 0, 'بهاباد'),
(1050, 31, 0, 'تفت'),
(1051, 31, 0, 'حمیدیا'),
(1052, 31, 0, 'خضرآباد'),
(1053, 31, 0, 'دیهوک'),
(1054, 31, 0, 'زارچ'),
(1055, 31, 0, 'شاهدیه'),
(1056, 31, 0, 'طبس'),
(1057, 31, 0, 'عشق آباد'),
(1058, 31, 0, 'عقدا'),
(1059, 31, 0, 'مروست'),
(1060, 31, 0, 'مهردشت'),
(1061, 31, 0, 'مهریز'),
(1062, 31, 0, 'میبد'),
(1063, 31, 0, 'ندوشن'),
(1064, 31, 0, 'نیر'),
(1065, 31, 0, 'هرات'),
(1066, 31, 1, 'یزد');

-- --------------------------------------------------------

--
-- Table structure for table `points`
--

CREATE TABLE `points` (
  `id` int(11) NOT NULL COMMENT 'ردیف',
  `city_id` int(11) NOT NULL COMMENT 'شهر',
  `type_id` int(11) NOT NULL COMMENT 'نوع',
  `name` varchar(255) COLLATE utf8_persian_ci NOT NULL COMMENT 'نام',
  `description` varchar(255) COLLATE utf8_persian_ci NOT NULL COMMENT 'توضیحات',
  `lat` double NOT NULL COMMENT 'طول جغرافیایی',
  `lng` double NOT NULL COMMENT 'عرض جغرافیایی'
) ENGINE=InnoDB DEFAULT CHARSET=utf8 COLLATE=utf8_persian_ci COMMENT='نقاط';

--
-- Dumping data for table `points`
--

INSERT INTO `points` (`id`, `city_id`, `type_id`, `name`, `description`, `lat`, `lng`) VALUES
(1, 614, 1, 'حافظیه', 'آرامگاه حافظ شیرازی', 29.625764, 52.558505),
(2, 614, 1, 'باغ ارم', 'بوستان گیاه‌شناسی ارم', 29.635742, 52.525454),
(3, 614, 2, 'هتل چمران', 'هتل بزرگ چمران', 29.651262, 52.496053),
(4, 614, 2, 'هتل شیراز', 'هتل بزرگ شیراز', 29.634891, 52.559986),
(5, 614, 3, 'پارکینگ هدایت', 'پارکینگ طبقاتی هدایت', 29.621572, 52.528869),
(6, 614, 3, 'پارکینگ زیتون', 'پارکینگ مجتمع تجاری زیتون', 29.619141, 52.526992),
(7, 614, 4, 'پمپ بنزین امیرکبیر', 'پمپ بنزین بلوار امیرکبیر', 29.614208, 52.48094),
(8, 614, 4, 'پمپ گاز گلشن', 'پمپ گاز گلشن', 29.619636, 52.47049),
(9, 614, 5, 'شاهچراغ', 'حرم مطهر شاهچراغ', 29.609605, 52.543272),
(10, 614, 5, 'سید علاء الدین حسین', 'حرم مطهر امامزاده سید علاء الدین حسین', 29.605459, 52.548872);

-- --------------------------------------------------------

--
-- Table structure for table `states`
--

CREATE TABLE `states` (
  `id` int(11) NOT NULL COMMENT 'ردیف',
  `name` varchar(255) COLLATE utf8_persian_ci NOT NULL COMMENT 'نام'
) ENGINE=InnoDB DEFAULT CHARSET=utf8 COLLATE=utf8_persian_ci COMMENT='استان ها';

--
-- Dumping data for table `states`
--

INSERT INTO `states` (`id`, `name`) VALUES
(1, 'آذربایجان شرقی'),
(2, 'آذربایجان غربی'),
(3, 'اردبیل'),
(4, 'اصفهان'),
(5, 'البرز'),
(6, 'ایلام'),
(7, 'بوشهر'),
(8, 'تهران'),
(9, 'چهارمحال و بختیاری'),
(10, 'خراسان جنوبی'),
(11, 'خراسان رضوی'),
(12, 'خراسان شمالی'),
(13, 'خوزستان'),
(14, 'زنجان'),
(15, 'سمنان'),
(16, 'سیستان و بلوچستان'),
(17, 'فارس'),
(18, 'قزوین'),
(19, 'قم'),
(20, 'کردستان'),
(21, 'کرمان'),
(22, 'کرمانشاه'),
(23, 'کهگیلویه و بویر احمد'),
(24, 'گلستان'),
(25, 'گیلان'),
(26, 'لرستان'),
(27, 'مازندران'),
(28, 'مرکزی'),
(29, 'هرمزگان'),
(30, 'همدان'),
(31, 'یزد');

-- --------------------------------------------------------

--
-- Table structure for table `types`
--

CREATE TABLE `types` (
  `id` int(11) NOT NULL COMMENT 'ردیف',
  `title` varchar(255) COLLATE utf8_persian_ci NOT NULL COMMENT 'عنوان'
) ENGINE=InnoDB DEFAULT CHARSET=utf8 COLLATE=utf8_persian_ci COMMENT='انواع';

--
-- Dumping data for table `types`
--

INSERT INTO `types` (`id`, `title`) VALUES
(1, 'سیاحتی'),
(2, 'هتل و مهمانپذیر'),
(3, 'پارکینگ'),
(4, 'پمپ بنزین'),
(5, 'زیارتی'),
(6, 'تعمیرگاه'),
(7, 'رستوران'),
(8, 'فروشگاه');

--
-- Indexes for dumped tables
--

--
-- Indexes for table `cities`
--
ALTER TABLE `cities`
  ADD PRIMARY KEY (`id`),
  ADD KEY `state_id` (`state_id`);

--
-- Indexes for table `points`
--
ALTER TABLE `points`
  ADD PRIMARY KEY (`id`),
  ADD KEY `city_id` (`city_id`),
  ADD KEY `type_id` (`type_id`);

--
-- Indexes for table `states`
--
ALTER TABLE `states`
  ADD PRIMARY KEY (`id`);

--
-- Indexes for table `types`
--
ALTER TABLE `types`
  ADD PRIMARY KEY (`id`);

--
-- AUTO_INCREMENT for dumped tables
--

--
-- AUTO_INCREMENT for table `cities`
--
ALTER TABLE `cities`
  MODIFY `id` int(11) NOT NULL AUTO_INCREMENT COMMENT 'ردیف', AUTO_INCREMENT=1067;
--
-- AUTO_INCREMENT for table `points`
--
ALTER TABLE `points`
  MODIFY `id` int(11) NOT NULL AUTO_INCREMENT COMMENT 'ردیف', AUTO_INCREMENT=11;
--
-- AUTO_INCREMENT for table `states`
--
ALTER TABLE `states`
  MODIFY `id` int(11) NOT NULL AUTO_INCREMENT COMMENT 'ردیف', AUTO_INCREMENT=32;
--
-- AUTO_INCREMENT for table `types`
--
ALTER TABLE `types`
  MODIFY `id` int(11) NOT NULL AUTO_INCREMENT COMMENT 'ردیف', AUTO_INCREMENT=9;
--
-- Constraints for dumped tables
--

--
-- Constraints for table `cities`
--
ALTER TABLE `cities`
  ADD CONSTRAINT `fk_city_state` FOREIGN KEY (`state_id`) REFERENCES `states` (`id`) ON UPDATE CASCADE;

/*!40101 SET CHARACTER_SET_CLIENT=@OLD_CHARACTER_SET_CLIENT */;
/*!40101 SET CHARACTER_SET_RESULTS=@OLD_CHARACTER_SET_RESULTS */;
/*!40101 SET COLLATION_CONNECTION=@OLD_COLLATION_CONNECTION */;
